element_type,osmid,bus,highway,name,operator,public_transport,ref,geometry,bench,shelter,tactile_paving,departures_board,covered,network,fixme,network:wikidata,network:wikipedia,note,bin,route_ref,operator:wikidata,source,name:es,fix_me,not:network:wikidata,nodes,building,building:part
node,151786655,yes,bus_stop,Shuttle Bus Stop #5,Rice University,platform,5,POINT (-95.402005 29.7163768),,,,,,,,,,,,,,,,,,,,
node,583250666,yes,bus_stop,Shuttle Bus Stop #7,Rice University,platform,7,POINT (-95.400226 29.7170808),no,no,no,,,,,,,,,,,,,,,,,
node,1016927159,yes,bus_stop,Shuttle Bus Stop #14,Rice University,platform,14,POINT (-95.40024 29.7191348),,no,,no,,,,,,,,,,,,,,,,
node,2349263747,,bus_stop,,,,,POINT (-95.406231 29.761939),,,,,,,,,,,,,,,,,,,,
node,2349352955,,bus_stop,,Metro,,,POINT (-95.4084385 29.7618777),,yes,,,,,,,,,,,,,,,,,,
node,2349352956,,bus_stop,,Metro,,,POINT (-95.4083473 29.7614563),,yes,,,,,,,,,,,,,,,,,,
node,2352122175,,bus_stop,Memorial Drive @ South Picnic Lane,METRO,platform,,POINT (-95.440377 29.765567),,no,no,,no,METRO,,,,,,,,,,,,,,
node,2355816180,,bus_stop,,,,,POINT (-95.42132 29.761137),,,,,,,,,,,,,,,,,,,,
node,2355817250,,bus_stop,,METRO,platform,,POINT (-95.4303083 29.7639921),,no,,,no,METRO,,,,,,,,,,,,,,
node,2355818017,yes,bus_stop,,Metropolitan Transit Authority of Harris County,platform,,POINT (-95.408791 29.762216),,yes,,,yes,Metro,27,Q5015387,en:Houston Metro,,,,,,,,,,,
node,2355938788,,bus_stop,,METRO,platform,,POINT (-95.4301673 29.7642895),,no,,,no,METRO,,,,,,,,,,,,,,
node,2358365818,,bus_stop,,,,,POINT (-95.418756 29.76119),,,,,yes,,6,,,,,,,,,,,,,
node,2358515639,,bus_stop,,,,,POINT (-95.425908 29.763632),,,,,no,,,,,,,,,,,,,,,
node,2358517806,,bus_stop,,,,,POINT (-95.424411 29.762999),,,,,no,,,,,,,,,,,,,,,
node,2390829417,,bus_stop,,,,,POINT (-95.440249 29.687163),,,,,,,8,,,,,,,,,,,,,
node,2406032208,,bus_stop,,,,,POINT (-95.41858 29.733929),,,,,yes,,,,,,,,,,,,,,,
node,2406034115,,bus_stop,,,,,POINT (-95.42433 29.734171),,,,,no,,25,,,,,,,,,,,,,
node,2406306477,,bus_stop,,,,,POINT (-95.415347 29.734087),,,,,no,,25,,,,,,,,,,,,,
node,2406306610,,bus_stop,,,,,POINT (-95.413298 29.734115),,,,,yes,,25,,,,,,,,,,,,,
node,2406309359,,bus_stop,,,,,POINT (-95.412588 29.734293),,,,,no,,25,,,,,,,,,,,,,
node,2419950169,yes,bus_stop,,,platform,,POINT (-95.4093638 29.7624099),,,,,,,,,,,,,,,,,,,,
node,2587390959,yes,bus_stop,,,platform,,POINT (-95.413632 29.742618),,,,,no,,"81, 82",,,,,,,,,,,,,
node,2587391365,,bus_stop,,,,,POINT (-95.4109356 29.7467983),,,,,yes,,"81, 82",,,,,,,,,,,,,
node,2595305070,,bus_stop,,,,,POINT (-95.4237418 29.6972959),,yes,,,,,,,,,,,,,,,,,,
node,2604587119,,bus_stop,,,,,POINT (-95.4355683 29.6907392),,no,,,,,,,,,,,,,,,,,,
node,2609743244,,bus_stop,,,,,POINT (-95.412096 29.697889),,,,,yes,,,,,4; 8,,,,,,,,,,
node,2611731377,yes,bus_stop,Shuttle Bus Stop #9,,platform,Shuttle Stop # 9,POINT (-95.3982856 29.7173696),,,,,,,,,,,,,,,,,,,,
node,2611731387,yes,bus_stop,Stop#6,,platform,Shuttle Stop # 6,POINT (-95.400682 29.7168997),,,,,,,,,,,,,,,,,,,,
node,2620137497,yes,bus_stop,,,platform,,POINT (-95.441961 29.741631),yes,,,,yes,,,,,,,,,,,,,,,
node,2627192763,,bus_stop,,,,,POINT (-95.406875 29.734369),no,no,no,,,,,,,22,no,,,,,,,,,
node,2627550922,yes,bus_stop,,,platform,,POINT (-95.439712 29.72214),,,,,,,,,,65,,,,,,,,,,
node,2630224655,yes,bus_stop,Shuttle Bus Stop #4,Rice University,platform,4,POINT (-95.4048662 29.7151879),,,,,,,,,,,,,,,,,,,,
node,2641087431,yes,bus_stop,Milam St @ Dallas St,Metropolitan Transit Authority of Harris County,platform,,POINT (-95.3678057 29.7567072),,yes,,,,Metro,,Q5015387,,,,,,,,,,,,
node,2641087432,yes,bus_stop,,Metropolitan Transit Authority of Harris County,platform,,POINT (-95.3670309 29.757204),,yes,,,,Metro,,Q5015387,,,,,,,,,,,,
node,2641087433,yes,bus_stop,,Metropolitan Transit Authority of Harris County,platform,,POINT (-95.3668017 29.7469364),,yes,,,,Metro,,Q5015387,,,,,,,,,,,,
node,2641087434,yes,bus_stop,Pierce St @ San Jacinto St,Metropolitan Transit Authority of Harris County,platform,,POINT (-95.3693666 29.7484748),,yes,,,,Metro,,Q5015387,,,,,,,,,,,,
node,2641087435,yes,bus_stop,Pierce St @ Fannin St,Metropolitan Transit Authority of Harris County,platform,,POINT (-95.3702291 29.7490051),,yes,,,,Metro,,Q5015387,,,,,,,,,,,,
node,2641087438,yes,bus_stop,Pierce St @ Main St,Metropolitan Transit Authority of Harris County,platform,,POINT (-95.3711965 29.7495764),,yes,,,,Metro,,Q5015387,,,,,,,,,,,,
node,2641087442,yes,bus_stop,Pierce St @ Travis St,Metropolitan Transit Authority of Harris County,platform,,POINT (-95.3719824 29.7500561),,yes,,,,Metro,,Q5015387,,,,,,,,,,,,
node,2641087445,yes,bus_stop,Milam St @ Jefferson St,Metropolitan Transit Authority of Harris County,platform,,POINT (-95.3713588 29.7522196),,,,,,Metro,,Q5015387,,,,,,,,,,,,
node,2641087448,yes,bus_stop,Milam St @ Pease St,,platform,,POINT (-95.3707432 29.752981),,,,,,,,,,,,,,,,,,,,
node,2641087451,yes,bus_stop,,Metropolitan Transit Authority of Harris County,platform,,POINT (-95.3707373 29.752977),,yes,,,,Metro,,Q5015387,,,,,,,,,,,,
node,2641087454,yes,bus_stop,Milam St @ Leeland St,Metropolitan Transit Authority of Harris County,platform,,POINT (-95.3701589 29.7537288),,yes,,,,Metro,,Q5015387,,,,,,,,,,,,
node,2641087457,yes,bus_stop,Milam St @ Bell St,Metropolitan Transit Authority of Harris County,platform,,POINT (-95.3695487 29.7544917),,yes,,,,Metro,,Q5015387,,,,,,,,,,,,
node,2641087460,yes,bus_stop,Milam St @ Clay St,Metropolitan Transit Authority of Harris County,platform,,POINT (-95.3689674 29.7552296),,yes,,,,Metro,,Q5015387,,,,,,,,,,,,
node,2648206471,,bus_stop,,,,,POINT (-95.418712 29.748243),,,,,yes,,,,,18,,,,,,,,,,
node,2660065603,,bus_stop,,,,,POINT (-95.4496975 29.6854061),,no,,,,,,,,,,,,,,,,,,
node,2660065604,,bus_stop,,,,,POINT (-95.4466988 29.6870477),,no,,,,,,,,,,,,,,,,,,
node,2660065605,,bus_stop,,,,,POINT (-95.4443304 29.6886916),,no,,,,,,,,,,,,,,,,,,
node,2840967001,,bus_stop,,,,,POINT (-95.418475 29.72516),,yes,yes,,yes,,,,,,,,,,,,,,,
node,3042034840,,bus_stop,,,,,POINT (-95.355825 29.641214),,,,,yes,,,,,30,,,,,,,,,,
node,3042034937,,bus_stop,,,,,POINT (-95.355613 29.633879),,,,,,,,,,,,,,,,,,,,
node,3042070833,,bus_stop,,,,,POINT (-95.439916 29.69133),,,,,,,,,,68,,,,,,,,,,
node,3042071233,,bus_stop,,,,,POINT (-95.439769 29.691787),,,,,,,,,,,,,,,,,,,,
node,3681313920,yes,bus_stop,Law Village,,platform,,POINT (-95.3394785 29.7247421),,,,,,,,,,,,campus_loop,,,,,,,,
node,3688718117,,bus_stop,Cullen Blvd @ Elgin St,,,,POINT (-95.3445366 29.7266006),yes,yes,,,,,,,,,,,,,,,,,,
node,3690703204,yes,bus_stop,Architecture,,platform,,POINT (-95.3415438 29.7249091),no,,,,,,,,,,,campus_loop,,,,,,,,
node,3690703205,yes,bus_stop,Law Center,,platform,,POINT (-95.3384041 29.7227308),,,,,,,,,,,,campus_loop,,,,,,,,
node,3690703208,yes,bus_stop,School of Business,,platform,,POINT (-95.3385341 29.7206707),,,,,,,,,,,,campus_loop,,,,,,,,
node,3690703209,yes,bus_stop,School of Music,,platform,,POINT (-95.3436877 29.7255774),yes,,,,yes,,,,,,,campus_loop,,,,,,,,
node,3700065235,yes,bus_stop,,Stagecoach Group,platform,,POINT (-95.3717631 29.7502644),,,,,,Megabus,,Q6808155,,,,,Q660261,,,,,,,
node,3912809830,yes,bus_stop,Shuttle Bus Stop #21,Rice University,platform,21,POINT (-95.4014108 29.7206773),,,,,,,,,,,,,,,,,,,,
node,4245275027,,bus_stop,,,,,POINT (-95.3956615 29.7388037),,,,,,,,,,,,,,,,,,,,
node,4245275028,,bus_stop,,,,,POINT (-95.3974386 29.7387985),,,,,,,,,,,,,,,,,,,,
node,4245275029,,bus_stop,,,,,POINT (-95.3936656 29.7388186),,,,,,,,,,,,,,,,,,,,
node,4259086219,,bus_stop,Holcombe Blvd @ Fannin St,,,,POINT (-95.4035517 29.7061142),,,,,,,,,,,,,,,,,,,,
node,4259086234,,bus_stop,Main St @ Holcombe Blvd,,,,POINT (-95.4050779 29.7058684),,,,,,,,,,,,,,,,,,,,
node,4259086235,,bus_stop,Holcombe Blvd @ Main St,,,,POINT (-95.4062339 29.7061049),,,,,,,,,,,,,,,,,,,,
node,4259086236,,bus_stop,,,,,POINT (-95.4081088 29.7060618),,,,,,,,,,,,,,,,,,,,
node,4259086242,yes,bus_stop,Pressler St @ Holcombe Blvd,,platform,,POINT (-95.4079891 29.7055788),,,,,,,,,,,,,,,,,,,,
node,4259086590,,bus_stop,,,,,POINT (-95.4075515 29.70512),,,,,,,,,,,,,,,,,,,,
node,4259086591,,bus_stop,,,,,POINT (-95.4070858 29.704333),,,,,,,,,,,,,,,,,,,,
node,4259086592,,bus_stop,,,,,POINT (-95.4055211 29.7034765),,,,,,,,,,,,,,,,,,,,
node,4289031165,,bus_stop,,,,,POINT (-95.396161 29.7152644),,yes,,,,,,,,,,,,,,,,,,
node,4289471659,,bus_stop,,,,,POINT (-95.393313 29.7124553),,,,,,,,,,,,,,,,,,,,
node,4289474839,,bus_stop,,,,,POINT (-95.3934319 29.7119535),,,,,,,,,,,,,,,,,,,,
node,4324546561,,bus_stop,,,,,POINT (-95.3909627 29.7305795),,,,,,,,,,,,,,,,,,,,
node,4324546562,,bus_stop,,,,,POINT (-95.3911971 29.7310588),,,,,,,,,,,,,,,,,,,,
node,4324546563,,bus_stop,,,,,POINT (-95.3911939 29.7294497),,,,,,,,,,,,,,,,,,,,
node,4324546564,,bus_stop,,,,,POINT (-95.3911581 29.7278504),,,,,,,,,,,,,,,,,,,,
node,4324546566,,bus_stop,,,,,POINT (-95.3912539 29.7354405),,,,,,,,,,,,,,,,,,,,
node,4324546567,,bus_stop,,,,3332,POINT (-95.3912753 29.7346323),no,no,no,,,,,,,,,,,,,,,,,
node,4324546568,,bus_stop,,,,,POINT (-95.3915838 29.7343971),,,,,,,,,,,,,,,,,,,,
node,4324546569,,bus_stop,,,,,POINT (-95.3910152 29.7342177),,,,,,,,,,,,,,,,,,,,
node,4324546570,,bus_stop,,,,,POINT (-95.3899745 29.7344273),,,,,,,,,,,,,,,,,,,,
node,4324546578,yes,bus_stop,,,platform,,POINT (-95.363258 29.7514223),,,,,,,,,,,,,,,,,,,,
node,4324546584,yes,bus_stop,,,platform,,POINT (-95.3642155 29.7510801),,,,,,,,,,,,,,,,,,,,
node,4324552092,yes,bus_stop,,,platform,,POINT (-95.3641281 29.7519702),,,,,,,,,,,,,,,,,,,,
node,4324552097,yes,bus_stop,,,platform,,POINT (-95.3790713 29.7578357),yes,yes,,,yes,,,,,,,,,,,,,,,
node,5256644845,yes,bus_stop,Shuttle Bus Stop #20,Rice University,platform,20,POINT (-95.4020864 29.7204082),,,,,,,,,,,,,,,,,,,,
node,5350819124,,bus_stop,Westheimer Rd @ Whitney St,,,,POINT (-95.3870726 29.7446205),yes,yes,,,,,,,,,,42;81;82,,mapillary,,,,,,
node,5473173389,yes,bus_stop,,,platform,,POINT (-95.3281715 29.7173034),,,,,,,,,,,,,,,,,,,,
node,5473307934,yes,bus_stop,,,platform,,POINT (-95.3270609 29.7175349),,,,,,,,,,,,,,,,,,,,
node,5473307938,yes,bus_stop,,,platform,,POINT (-95.326538 29.7184906),,,,,,,,,,,,,,,,,,,,
node,5473392148,yes,bus_stop,,,platform,,POINT (-95.3440679 29.7218555),,,,,,,,,,,,,,,,,,,,
node,5652582870,yes,bus_stop,,,platform,,POINT (-95.3336099 29.7649296),,,,,,,,,,,,,,,,,,,,
node,5652582879,yes,bus_stop,,,platform,,POINT (-95.3371601 29.7648344),,,,,,,,,,,,,,,,,,,,
node,5652582880,yes,bus_stop,,,platform,,POINT (-95.3376145 29.7646593),,,,,,,,,,,,,,,,,,,,
node,5652582881,yes,bus_stop,,,platform,,POINT (-95.3354716 29.7648641),,,,,,,,,,,,,,,,,,,,
node,5652582882,yes,bus_stop,,,platform,,POINT (-95.3358517 29.7646813),,,,,,,,,,,,,,,,,,,,
node,5652582883,yes,bus_stop,,,platform,,POINT (-95.3338307 29.7647033),,,,,,,,,,,,,,,,,,,,
node,5904183049,yes,bus_stop,,,platform,,POINT (-95.4466478 29.7323836),,,,,,,,,,,,,,,,,,,,
node,5904183050,yes,bus_stop,,,platform,,POINT (-95.4456779 29.732678),,,,,,,,,,,,,,,,,,,,
node,5904183051,yes,bus_stop,,,platform,,POINT (-95.4418378 29.7325626),,,,,,,,,,,,,,,,,,,,
node,5904225219,yes,bus_stop,,,platform,,POINT (-95.4360588 29.7328486),,,,,,,,,,,,,,,,,,,,
node,5904343477,yes,bus_stop,,,platform,,POINT (-95.4221584 29.7342261),,,,,,,,,,,,,,,,,,,,
node,5904343478,yes,bus_stop,,,platform,,POINT (-95.4221831 29.7339318),,,,,,,,,,,,,,,,,,,,
node,5904343479,yes,bus_stop,,,platform,,POINT (-95.4256027 29.7339235),,,,,,,,,,,,,,,,,,,,
node,5904343480,yes,bus_stop,,,platform,,POINT (-95.4273587 29.7341244),,,,,,,,,,,,,,,,,,,,
node,6001744102,,bus_stop,,METRO,platform,,POINT (-95.4275391 29.7636282),,no,,,no,METRO,,,,,,,,,,,,,,
node,6001744103,,bus_stop,,METRO,platform,,POINT (-95.4274647 29.7633768),,no,,,no,METRO,,,,,,,,,,,,,,
node,6227451832,yes,bus_stop,,,platform,5157,POINT (-95.4110283 29.7425494),,yes,,,,,,,,,,,,,,,,,,
node,6385208566,yes,bus_stop,FlixBus Houston,FlixBus,platform,,POINT (-95.3746285 29.7509232),,,,,,Flixbus,,Q15712258,,,,,Q15712258,,,,,,,
node,6396996983,yes,bus_stop,Shelter C,,platform,Shelter C Shuttle Stop,POINT (-95.4062934 29.7153581),,yes,,,,,,,,,,,Q15712258,,,,,,,
node,6594499308,yes,bus_stop,"Lines 33, 58, 85",,platform,,POINT (-95.4567849 29.7871424),,,,,,,,,,,,,,,"Líneas 33, 58, 85",,,,,
node,6594560296,,bus_stop,"Lined 33, 47, 70, 84",,,,POINT (-95.456447 29.7737989),,,,,,,,,,,,,,,,,,,,
node,6641030027,yes,bus_stop,Smith St @ Preston St,,platform,,POINT (-95.3647842 29.7637215),,,,,,,,,,,,,,,,,,,,
node,6732520200,yes,bus_stop,Shuttle Bus Stop #13,Rice University,platform,13,POINT (-95.3992374 29.719512),,no,,no,,,,,,,,,,,,,,,,
node,6732520201,yes,bus_stop,Shuttle Stop #12,Rice University,platform,12,POINT (-95.3986956 29.7197223),,no,,no,,,,,,,,,,,,,,,,
node,6732520203,yes,bus_stop,# 15,Rice University,platform,Shuttle Stop # 15,POINT (-95.4020759 29.7184028),,no,,no,,,,,,,,,,,,,,,,
node,7158007564,yes,bus_stop,Wheeler Avenue @ Chartres Street,,platform,,POINT (-95.3741738 29.7289529),,,,,,,,,,,,,,,,,,,,
node,7158007565,yes,bus_stop,Wheeler Avenue @ Chartres Street,,platform,,POINT (-95.3745491 29.7290252),,,,,,,,,,,,,,,,,,,,
node,7459595023,yes,bus_stop,Shelter B,,platform,SHELTER B BUS STOP,POINT (-95.4068171 29.7163563),,yes,,,,,,,,,,,,,,,,,,
node,8040376911,yes,bus_stop,Shuttle Bus Stop #8,Rice University,platform,8,POINT (-95.3989676 29.7175184),,no,,,,,,,,,,,,,,,,,,
node,8040376912,yes,bus_stop,Shuttle Bus Stop #10,Rice University,platform,10,POINT (-95.3976308 29.7180538),,,,,,,,,,,,,,,,,,,,
node,8040376913,yes,bus_stop,Shuttle Bus Stop #11,Rice University,platform,11,POINT (-95.3967082 29.7195808),,,,,,,,,,,,,,,,,,,,
node,8040376914,yes,bus_stop,Shuttle Bus Stop #16,Rice University,platform,,POINT (-95.4032909 29.7179323),,,,,,,,,,,,,,,,,,,,
node,8040376915,yes,bus_stop,Shuttle Bus Stop #17,Rice University,platform,17,POINT (-95.4055467 29.7169505),,,,,,,,,,,,,,,,,,,,
node,8040376916,yes,bus_stop,Shelter A,,platform,Shelter A BUS STOP,POINT (-95.4077987 29.7178131),yes,yes,no,,,,,,,,,,,,,,,,,
node,8040376917,yes,bus_stop,RICE STADIUM,,platform,,POINT (-95.4083902 29.7153114),,,,,,,,,,,,,,,,,,,,
node,8040376918,yes,bus_stop,POST OFFICE & POLICE DEP.,,platform,,POINT (-95.4072945 29.7140032),,,,,,,,,,,,,,,,,,,,
node,8040376919,yes,bus_stop,ACC (Glasscock),,platform,,POINT (-95.4066118 29.71484),,,,,,,,,,,,,,,,,,,,
node,8040376920,yes,bus_stop,Shuttle Bus Stop #1,Rice University,platform,1,POINT (-95.4063101 29.714136),,,,,,,,,,,,,,,,,,,,
node,8040376921,yes,bus_stop,Shuttle Bus Stop #2,Rice University,platform,2,POINT (-95.4062752 29.7138576),,,,,,,,,,,,,,,,,,,,
node,8040376922,yes,bus_stop,3,,platform,Shuttle Stop # 3,POINT (-95.4052761 29.7150713),,,,,,,,,,,,,,,,,,,,
node,8040376923,yes,bus_stop,RMC ( BOOKSTORE & COFFEEHOUSE),,platform,,POINT (-95.4025796 29.7176733),,,,,,,,,,,,,,,,,,,,
node,8040393576,yes,bus_stop,Shuttle Bus Stop #22,Rice University,platform,22,POINT (-95.3966937 29.7205228),,,,,,,,,,,,,,,,,,,,
node,8040393577,yes,bus_stop,Shuttle Bus Stop #23,Rice University,platform,23,POINT (-95.3956572 29.7208843),,,,,,,,,,,,,,,,,,,,
node,8040393578,yes,bus_stop,#23,,platform,Shuttle Stop # 23,POINT (-95.3941289 29.7205539),,,,,,,,,,,,,,,,,,,,
node,8098175931,yes,bus_stop,Shuttle Bus Stop #18,Rice University,platform,18,POINT (-95.4034791 29.7193738),,,,,,,,,,,,,,,,,,,,
node,8098175932,yes,bus_stop,Shuttle Bus Stop #19,,platform,19,POINT (-95.4034424 29.7198678),,,,,,,,,,,,,,,,,,,,
node,8515732043,,bus_stop,,,,,POINT (-95.3973867 29.7156879),,,,,,,,,,,,,,,,,,,,
node,8515739890,,bus_stop,,,,,POINT (-95.3976894 29.7156962),,,,,,,,,,,,,,,,,,,,
node,8645705250,,bus_stop,,,,,POINT (-95.4103671 29.7341722),,,,,,,,,,,,,,,,,,,,
node,8645709102,,bus_stop,,,,,POINT (-95.4102081 29.7343248),,,,,,,,,,,,,,,,,,,,
node,8649209401,,bus_stop,,,,,POINT (-95.4107008 29.7255057),,,,,,,,,,,,,,,,"shelter: yes, num: 3647",,,,
node,8649241442,,bus_stop,,,,,POINT (-95.4062162 29.7133387),,,,,,,,,,,,,,,,,,,,
node,9215187601,yes,bus_stop,,,platform,,POINT (-95.3094305 29.7064121),,,,,,,,,,,,,,,,,,,,
node,9215187614,yes,bus_stop,,,platform,,POINT (-95.30867 29.7063153),,,,,,,,,,,,,,,,,,,,
node,9216691918,yes,bus_stop,,,platform,,POINT (-95.2843178 29.8262971),,,,,,,,,,,,,,,,,,,,
node,9216691919,yes,bus_stop,,,platform,,POINT (-95.2845981 29.825673),,,,,,,,,,,,,,,,,,,,
node,9217083935,yes,bus_stop,,,platform,,POINT (-95.2839188 29.7673446),,,,,,,,,,,,,,,,,,,,
node,9217151117,yes,bus_stop,,,platform,,POINT (-95.3404771 29.7875395),,,,,,,,,,,,,,,,,,,,
node,9353882790,yes,bus_stop,,,platform,,POINT (-95.3803526 29.6140508),,,,,,,,,,,,,,,,,,,,
node,9481204363,yes,bus_stop,,,platform,,POINT (-95.3552206 29.759012),,,,,,,,,,,,,,,,,,,,
node,9619276155,yes,bus_stop,Washington Ave @ Henderson St,Metropolitan Transit Authority of Harris County,platform,477,POINT (-95.37849 29.7678307),,,,,,Metro,,Q5015387,en:Houston Metro,,,,,,,,,,,
node,9619276156,yes,bus_stop,Washington Ave @ Taylor St,Metropolitan Transit Authority of Harris County,platform,476,POINT (-95.3817854 29.7681635),,yes,,,,Metro,,Q5015387,en:Houston Metro,,,,,,,,,,,
node,9619276157,yes,bus_stop,Washington Ave @ Taylor St,Metropolitan Transit Authority of Harris County,platform,486,POINT (-95.3815219 29.7683539),,,,,,Metro,,Q5015387,en:Houston Metro,,,,,,,,,,,
node,9619276158,yes,bus_stop,Washington Ave @ Henderson St,Metropolitan Transit Authority of Harris County,platform,485,POINT (-95.3798814 29.7681809),,,,,,Metro,,Q5015387,en:Houston Metro,,,,,,,,,,,
node,9619276159,yes,bus_stop,Sawyer St @ Washington Ave,Metropolitan Transit Authority of Harris County,platform,12399,POINT (-95.3828327 29.7686384),,,,,,Metro,,Q5015387,en:Houston Metro,,,,,,,,,,,
node,9619276160,yes,bus_stop,Washington Ave @ Brashear St,Metropolitan Transit Authority of Harris County,platform,475,POINT (-95.3837598 29.7682335),,yes,,,,Metro,,Q5015387,en:Houston Metro,,,,,,,,,,,
node,9619276161,yes,bus_stop,Washington Ave @ Brashear St,Metropolitan Transit Authority of Harris County,platform,487,POINT (-95.3837478 29.7684393),,,,,,Metro,,Q5015387,en:Houston Metro,,,,,,,,,,,
node,9619281921,yes,bus_stop,Washington Ave @ Silver St,Metropolitan Transit Authority of Harris County,platform,484,POINT (-95.3770305 29.7678677),,,,,,Metro,,Q5015387,en:Houston Metro,,,,,,,,,,,
node,9619281922,yes,bus_stop,Washington Ave @ Silver St,Metropolitan Transit Authority of Harris County,platform,478,POINT (-95.3773267 29.7677059),,,,,,Metro,,Q5015387,en:Houston Metro,,,,,,,,,,,
node,9619281923,yes,bus_stop,Washington Ave @ Ash Pl,Metropolitan Transit Authority of Harris County,platform,483,POINT (-95.3741505 29.7675768),,,,,,Metro,,Q5015387,en:Houston Metro,,,,,,,,,,,
node,9619281924,yes,bus_stop,Washington Ave @ Colorado St,Metropolitan Transit Authority of Harris County,platform,479,POINT (-95.3747701 29.7674226),,,,,,Metro,,Q5015387,en:Houston Metro,,,,,,,,,,,
node,9619281925,yes,bus_stop,Washington Ave @ Houston Ave,Metropolitan Transit Authority of Harris County,platform,11248,POINT (-95.3730701 29.767264),,,,,,Metro,,Q5015387,en:Houston Metro,,,,,,,,,,,
node,9619281926,yes,bus_stop,Houston Ave @ Washington Ave,Metropolitan Transit Authority of Harris County,platform,2082,POINT (-95.3724891 29.7670407),,yes,,,,Metro,,Q5015387,en:Houston Metro,,,,,,,,,,,
node,9619281927,yes,bus_stop,Washington Ave @ Houston Ave,Metropolitan Transit Authority of Harris County,platform,482,POINT (-95.3718474 29.7673206),,,,,,Metro,,Q5015387,en:Houston Metro,,,,,,,,,,,
node,9619281928,yes,bus_stop,Houston Ave @ Lubbock St,Metropolitan Transit Authority of Harris County,platform,2083,POINT (-95.3724803 29.7656643),,yes,,,,Metro,,Q5015387,en:Houston Metro,,,,,,,,,,,
node,9619288525,yes,bus_stop,Sawyer St @ Washington Ave,Metropolitan Transit Authority of Harris County,platform,12899,POINT (-95.3826693 29.7679739),,,,,,Metro,,Q5015387,en:Houston Metro,,,,,,,,,,,
node,9711569284,yes,bus_stop,Washington Ave @ Jackson Hill St,,platform,469,POINT (-95.4014833 29.7699283),,no,,,,Metro,,,,,,,,,,,Q5015387,,,
node,9799686017,,bus_stop,Flixbus Houston Uptown - Upper Kirby,,,,POINT (-95.4184628 29.7299062),,,,,,,,,,,,,,,,,,,,
node,10202281593,yes,bus_stop,Pierce St @ Caroline St,Metropolitan Transit Authority of Harris County,platform,,POINT (-95.3685084 29.7479658),,yes,,,,Metro,,Q5015387,,,,,,,,,,,,
node,10202281594,yes,bus_stop,Milam St @ McKinney St,Metropolitan Transit Authority of Harris County,platform,#652,POINT (-95.3666309 29.7582047),yes,yes,no,,,Metro,,Q5015387,,,yes,,,,,,,,,
node,10202281595,yes,bus_stop,Milam St @ Franklin St,Metropolitan Transit Authority of Harris County,platform,,POINT (-95.3618404 29.7642051),,yes,,,,Metro,,Q5015387,,,,,,,,,,,,
node,10202281596,yes,bus_stop,St Joseph Pkwy @ San Jacinto St,Metropolitan Transit Authority of Harris County,platform,,POINT (-95.3683448 29.7491558),,yes,,,,Metro,,Q5015387,,,,,,,,,,,,
node,10202281597,yes,bus_stop,Travis St @ Franklin St,Metropolitan Transit Authority of Harris County,platform,,POINT (-95.3611833 29.7632504),,yes,,,,Metro,,Q5015387,,,,,,,,,,,,
node,10202281598,yes,bus_stop,Travis St @ McKinney St,Metropolitan Transit Authority of Harris County,platform,,POINT (-95.365853 29.7573129),,yes,,,,Metro,,Q5015387,,,,,,,,,,,,
node,10202281599,yes,bus_stop,Travis St @ Dallas St,Metropolitan Transit Authority of Harris County,platform,,POINT (-95.3670359 29.7558436),,yes,,,,Metro,,Q5015387,,,,,,,,,,,,
node,10202281600,yes,bus_stop,Travis St @ Clay St,Metropolitan Transit Authority of Harris County,platform,,POINT (-95.3682107 29.7543184),,yes,,,,Metro,,Q5015387,,,,,,,,,,,,
node,10202281601,yes,bus_stop,Travis St @ Leeland St,Metropolitan Transit Authority of Harris County,platform,,POINT (-95.3694177 29.7528187),,yes,,,,Metro,,Q5015387,,,,,,,,,,,,
node,10202281602,yes,bus_stop,Travis St @ Bell St,Metropolitan Transit Authority of Harris County,platform,,POINT (-95.3688128 29.7535686),,yes,,,,Metro,,Q5015387,,,,,,,,,,,,
node,10202281603,yes,bus_stop,Travis St @ Lamar St,Metropolitan Transit Authority of Harris County,platform,,POINT (-95.3664941 29.7565794),,yes,,,,Metro,,Q5015387,,,,,,,,,,,,
node,10202281604,yes,bus_stop,Milam St @ Preston St,Metropolitan Transit Authority of Harris County,platform,,POINT (-95.3630582 29.7627056),,yes,,,,Metro,,Q5015387,,,,,,,,,,,,
node,10202281606,yes,bus_stop,Milam St @ Rusk St,Metropolitan Transit Authority of Harris County,platform,,POINT (-95.365456 29.7596856),,yes,,,,Metro,,Q5015387,,,,,,,,,,,,
node,10202281607,yes,bus_stop,Milam St @ Texas Ave,Metropolitan Transit Authority of Harris County,platform,,POINT (-95.3642008 29.7612131),,yes,,,,Metro,,Q5015387,,,,,,,,,,,,
node,10202281608,yes,bus_stop,Travis St @ Texas Ave,Metropolitan Transit Authority of Harris County,platform,,POINT (-95.3635195 29.7603236),,yes,,,,Metro,,Q5015387,,,,,,,,,,,,
node,10202281609,yes,bus_stop,Travis St @ Rusk St,Metropolitan Transit Authority of Harris County,platform,,POINT (-95.3647506 29.7587962),,yes,,,,Metro,,Q5015387,,,,,,,,,,,,
node,10202281610,yes,bus_stop,St Joseph Pkwy @ Main St,Metropolitan Transit Authority of Harris County,platform,,POINT (-95.3696953 29.7499824),,yes,,,,Metro,,Q5015387,,,,,,,,,,,,
node,10202281611,yes,bus_stop,St Joseph Pkwy @ Fannin St,Metropolitan Transit Authority of Harris County,platform,,POINT (-95.3691696 29.7496739),,yes,,,,Metro,,Q5015387,,,,,,,,,,,,
node,10202281612,yes,bus_stop,La Branch St at Gray St,,platform,,POINT (-95.3670453 29.7463962),,,,,,,,,,,,,,,,,,,,
node,10593119902,yes,bus_stop,Travis St @ Congress St,Metropolitan Transit Authority of Harris County,platform,#631,POINT (-95.3616668 29.7625981),yes,yes,,no,,Metro,,Q5015387,,,,,,local knowledge,,,,,,
node,10606680228,yes,bus_stop,Travis St @ Capitol St,Metropolitan Transit Authority of Harris County,platform,#665,POINT (-95.3640721 29.7596025),,,,,,Metro,,Q5015387,,,,,,,,,,,,
node,10652424805,yes,bus_stop,N Main St @ Brooks St,Metropolitan Transit Authority of Harris County,platform,#3774,POINT (-95.3604106 29.7738251),,,,no,,Metro,,Q5015387,,,,,,,,,,,,
way,364842205,yes,bus_stop,Cullen Boulevard @ Elgin Street,,platform,1905,"POLYGON ((-95.3440537 29.7268982, -95.344035 29.726934, -95.3440241 29.7269548, -95.3439998 29.7269452, -95.3440293 29.7268886, -95.3440537 29.7268982))",yes,,,,yes,,,,,,,,,,,,,"[3688784094, 9855158197, 3688784097, 3688784095, 3688784093, 3688784094]",yes,
way,364852890,yes,bus_stop,University Center,,platform,,"POLYGON ((-95.3407984 29.7196944, -95.3407918 29.7197105, -95.3407479 29.7196969, -95.3407545 29.7196808, -95.3407984 29.7196944))",yes,,,,yes,,,,,,,campus_loop,,,,,,"[3872269550, 3688860628, 3688860627, 3872269549, 3872269550]",yes,
way,364853718,yes,bus_stop,UH Entrance 4 @ Moody Towers,,platform,,"POLYGON ((-95.3411796 29.7175636, -95.3411929 29.7175303, -95.3411794 29.7175262, -95.341166 29.7175596, -95.3411796 29.7175636))",yes,,,,yes,,,,,,,campus_loop,,,,,,"[3688865111, 3688865109, 3688865108, 3688865110, 3688865111]",yes,
way,364860964,yes,bus_stop,NB Cullen @ Hyne Build,,platform,5,"POLYGON ((-95.3473518 29.7206823, -95.3473085 29.7206686, -95.3473341 29.7206073, -95.3473774 29.7206209, -95.3473518 29.7206823))",yes,,,,yes,,,,,,,outer_loop; campus_loop,,,,,,"[3688926904, 3688926903, 3688926898, 3688926900, 3688926904]",,yes
way,365027752,yes,bus_stop,Cullen and HSC,,platform,,"POLYGON ((-95.3458111 29.7244765, -95.345796 29.7245037, -95.3457802 29.7244971, -95.3457953 29.7244698, -95.3458111 29.7244765))",yes,,,,yes,,,,,,,campus_loop,,,,,,"[3690703226, 3690703228, 3690703227, 3690703225, 3690703226]",,
way,365027753,yes,bus_stop,Fleming Building,,platform,6,"POLYGON ((-95.3458593 29.7220524, -95.3458515 29.7220719, -95.3459107 29.7220896, -95.3459185 29.7220701, -95.3458593 29.7220524))",yes,,,,yes,,,,,,,outer_loop; campus_loop,,,,,,"[3690703221, 3690703223, 3690703224, 3690703222, 3690703221]",,
way,365027755,yes,bus_stop,PGH,,platform,7,"POLYGON ((-95.344126 29.7218934, -95.3441203 29.7219088, -95.3440842 29.7218989, -95.3440898 29.7218835, -95.344126 29.7218934))",yes,,,,yes,,,,,,,outer_loop; campus_loop,,,,,,"[3690703218, 3690703220, 3690703219, 3690703217, 3690703218]",,
way,373972501,yes,bus_stop,Bayou Oaks,,platform,28,"POLYGON ((-95.3410762 29.7130247, -95.3410386 29.7130129, -95.3410342 29.7130234, -95.3410718 29.7130353, -95.3410762 29.7130247))",yes,,,,yes,,,,,,,outer_loop,,,,,,"[3773911849, 3773911847, 3773911848, 3773911850, 3773911849]",,
way,373972502,yes,bus_stop,Cullen Oaks,,platform,29,"POLYGON ((-95.3488725 29.7144682, -95.3488519 29.7144681, -95.3488516 29.7145042, -95.3488721 29.7145043, -95.3488725 29.7144682))",yes,,,,yes,,,,,,,outer_loop,,,,,,"[3773911853, 3773911852, 3773911854, 3773911855, 3773911853]",,
way,373972503,yes,bus_stop,Parking Lot 4A - 1,,platform,26,"POLYGON ((-95.3414181 29.7153384, -95.3414063 29.7153683, -95.3413914 29.7153639, -95.3414033 29.715334, -95.3414181 29.7153384))",yes,,,,yes,,,,,,,outer_loop,,,,,,"[3773915961, 3773915963, 3773915962, 3773915960, 3773915961]",,
way,373972504,yes,bus_stop,Parking Lot 4A - 2,,platform,27,"POLYGON ((-95.3409252 29.7145465, -95.3409594 29.7145578, -95.340953 29.7145726, -95.3409187 29.7145614, -95.3409252 29.7145465))",yes,,,,yes,,,,,,,outer_loop,,,,,,"[3773911856, 3773915957, 3773915959, 3773915958, 3773911856]",,
way,373972505,yes,bus_stop,Parking Lot 9B,,platform,31,"POLYGON ((-95.3485138 29.7167729, -95.348508 29.7167876, -95.3484737 29.7167773, -95.3484796 29.7167626, -95.3485138 29.7167729))",yes,,,,yes,,,,,,,outer_loop,,,,,,"[3773915969, 3773915971, 3773915970, 3773915968, 3773915969]",,
way,373972506,yes,bus_stop,Parking Lot 9C,,platform,30,"POLYGON ((-95.3476997 29.7159815, -95.3476887 29.7160116, -95.3476721 29.716007, -95.347683 29.7159769, -95.3476997 29.7159815))",yes,,,,yes,,,,,,,outer_loop,,,,,,"[3773915965, 3773915967, 3773915966, 3773915964, 3773915965]",,
way,373972507,yes,bus_stop,SB Cullen @ Hyne Build,,platform,25,"POLYGON ((-95.347647 29.7207309, -95.3476226 29.7207923, -95.3476473 29.7207997, -95.3476717 29.7207383, -95.347647 29.7207309))",yes,,,,yes,,,,,,,outer_loop,,,,,,"[3773915973, 3773915975, 3773915976, 3773915974, 3773915973]",,
node,6927748286,yes,bus_stop,Bush IAH Terminal C,,platform,#811,POINT (-95.3380209 29.9859846),yes,yes,yes,,,,,,,,no,,,,,,,,,
node,6993873638,,bus_stop,Crosstimbers @ Fulton,,,,POINT (-95.3756862 29.8282409),yes,yes,no,,,,,,,,no,,,,,,,,,
node,6993873639,,bus_stop,Crosstimbers @ Fulton,,,,POINT (-95.3757544 29.8284402),yes,yes,no,,,,,,,,yes,,,,,,,,,
node,9217229477,yes,bus_stop,,,platform,,POINT (-95.3430162 29.8412768),,,,,,,,,,,,,,,,,,,,
node,9217229479,yes,bus_stop,,,platform,,POINT (-95.3427102 29.8410404),,,,,,,,,,,,,,,,,,,,
node,9217229480,yes,bus_stop,,,platform,,POINT (-95.3429473 29.8395657),,,,,,,,,,,,,,,,,,,,
node,10202281613,yes,bus_stop,North Fwy @ Aldine Bender Rd,,platform,,POINT (-95.412502 29.9330688),,,,,,,,,,,,,,,,,,,,
node,10202281614,yes,bus_stop,North Fwy @ Aldine Bender Rd,,platform,,POINT (-95.4111656 29.9314974),,,,,,,,,,,,,,,,,,,,
node,10202281615,yes,bus_stop,Greenpoint Transit Center,,platform,,POINT (-95.410609 29.9488602),,,,,,,,,,,,,,,,,,,,
node,10202281616,yes,bus_stop,Greenpoint Transit Center,,platform,,POINT (-95.4102127 29.9484036),,,,,,,,,,,,,,,,,,,,
node,10202322817,yes,bus_stop,Greenpoint Transit Center,,platform,,POINT (-95.4098191 29.9483001),,,,,,,,,,,,,,,,,,,,
node,10202322818,yes,bus_stop,Imperial Valley Dr @ Imperial Plaza Dr,,platform,,POINT (-95.3966609 29.9411935),,,,,,,,,,,,,,,,,,,,
node,10202322819,yes,bus_stop,Imperial Valley Dr @ Imperial Plaza Dr,,platform,,POINT (-95.3964409 29.9410197),,,,,,,,,,,,,,,,,,,,
node,10202322820,yes,bus_stop,John F Kennedy Service Rd @ Fed Ex,,platform,,POINT (-95.3437328 29.9766027),,,,,,,,,,,,,,,,,,,,
node,10202322821,yes,bus_stop,John F Kennedy Blvd @ Rankin Rd,,platform,,POINT (-95.3354837 29.9654695),,,,,,,,,,,,,,,,,,,,
node,10202322822,yes,bus_stop,John F Kennedy Blvd @ Rankin Rd,,platform,,POINT (-95.3364855 29.9650826),,,,,,,,,,,,,,,,,,,,
node,10202322823,yes,bus_stop,Wright Rd @ Colonel Fischer Dr,,platform,,POINT (-95.3196359 29.9868809),,,,,,,,,,,,,,,,,,,,
node,10202347758,yes,bus_stop,Greens Rd @ Greenchase Dr,,platform,,POINT (-95.4042716 29.9504086),,,,,,,,,,,,,,,,,,,,
node,10202347759,yes,bus_stop,Greens Rd @ Greenchase Dr,,platform,,POINT (-95.4038049 29.950648),,,,,,,,,,,,,,,,,,,,
node,10202347760,yes,bus_stop,Greens Rd @ Northchase Dr,,platform,,POINT (-95.4070263 29.9503726),,,,,,,,,,,,,,,,,,,,
node,10202347761,yes,bus_stop,Greens Rd @ Northchase Dr,,platform,,POINT (-95.407434 29.9506027),,,,,,,,,,,,,,,,,,,,
node,10202347762,yes,bus_stop,Greens Rd @ Northchase Dr,,platform,,POINT (-95.4094443 29.9505771),,,,,,,,,,,,,,,,,,,,
node,10202347763,yes,bus_stop,Greenspoint Dr @ Greens Rd,,platform,,POINT (-95.4109088 29.9498288),,,,,,,,,,,,,,,,,,,,
node,10202347764,yes,bus_stop,,,platform,,POINT (-95.4084653 29.94646),,,,,,,,,,,,,,,,,,,,
node,10202347765,yes,bus_stop,,,platform,,POINT (-95.4080871 29.9462241),,,,,,,,,,,,,,,,,,,,
node,10202347766,yes,bus_stop,Imperial Valley Dr @ Seminar Dr,,platform,,POINT (-95.3973985 29.9474536),,,,,,,,,,,,,,,,,,,,
node,10202347767,yes,bus_stop,Imperial Valley Dr @ Seminar Dr,,platform,,POINT (-95.3968057 29.9471724),,,,,,,,,,,,,,,,,,,,
node,10202347768,yes,bus_stop,Imperial Valley Dr @ Benmar Dr,,platform,,POINT (-95.3959876 29.9437094),,,,,,,,,,,,,,,,,,,,
node,10202347769,yes,bus_stop,Imperial Valley Dr @ Benmar Dr,,platform,,POINT (-95.395765 29.9431539),,,,,,,,,,,,,,,,,,,,
node,10202347770,yes,bus_stop,Greens Rd @ Imperial Valley Dr,Metropolitan Transit Authority of Harris County,platform,,POINT (-95.4008572 29.9506968),,yes,,,,Metro,,Q5015387,,,,,,,,,,,,
node,10202347771,yes,bus_stop,Imperial Valley Dr @ Greens Rd,Metropolitan Transit Authority of Harris County,platform,,POINT (-95.3988965 29.949644),,yes,,,,Metro,,Q5015387,,,,,,,,,,,,
node,10202347772,yes,bus_stop,Imperial Valley Dr @ Greens Rd,Metropolitan Transit Authority of Harris County,platform,,POINT (-95.3993779 29.9499578),,yes,,,,Metro,,Q5015387,,,,,,,,,,,,
node,10202347773,yes,bus_stop,Greenpoint Dr @ Benmar Dr,Metropolitan Transit Authority of Harris County,platform,,POINT (-95.4074514 29.9438198),,yes,,,,Metro,,Q5015387,,,,,,,,,,,,
node,10202347774,yes,bus_stop,Greenpoint Dr @ Benmar Dr,Metropolitan Transit Authority of Harris County,platform,,POINT (-95.4076619 29.9434979),,yes,,,,Metro,,Q5015387,,,,,,,,,,,,
node,10202347775,yes,bus_stop,Greenpoint Dr @ Sam Houston Pkwy,Metropolitan Transit Authority of Harris County,platform,,POINT (-95.407391 29.941871),,yes,,,,Metro,,Q5015387,,,,,,,,,,,,
node,10202347776,yes,bus_stop,Greenpoint Dr @ Sam Houston Pkwy,Metropolitan Transit Authority of Harris County,platform,,POINT (-95.407607 29.9415223),,yes,,,,Metro,,Q5015387,,,,,,,,,,,,
node,10202347777,yes,bus_stop,John F Kennedy Blvd @ World Houston Pkwy,Metropolitan Transit Authority of Harris County,platform,,POINT (-95.3312928 29.946008),,yes,,,,Metro,,Q5015387,,,,,,,,,,,,
node,10202347778,yes,bus_stop,John F Kennedy Blvd @ World Houston Pkwy,Metropolitan Transit Authority of Harris County,platform,,POINT (-95.3318694 29.9467122),,yes,,,,Metro,,Q5015387,,,,,,,,,,,,
node,10202347779,yes,bus_stop,John F Kennedy Blvd @ Greens Rd,Metropolitan Transit Authority of Harris County,platform,,POINT (-95.3318962 29.9507805),,yes,,,,Metro,,Q5015387,,,,,,,,,,,,
node,10202347780,yes,bus_stop,John F Kennedy Blvd @ Greens Rd,Metropolitan Transit Authority of Harris County,platform,,POINT (-95.3313665 29.9511244),,yes,,,,Metro,,Q5015387,,,,,,,,,,,,
node,10203222074,yes,bus_stop,Northpoint Dr @ Greenpoint Dr,,platform,,POINT (-95.4078215 29.938094),,,,,,,,,,,,,,,,,,,,
node,10203222075,yes,bus_stop,North Fwy @ Northpoint Dr,,platform,,POINT (-95.4121238 29.9377198),,,,,,,,,,,,,,,,,,,,
node,10203222076,yes,bus_stop,North Fwy @ Gillespie Rd,,platform,,POINT (-95.4115552 29.9274557),,,,,,,,,,,,,,,,,,,,
node,10203222077,yes,bus_stop,North Fwy @ Goodson Dr,,platform,,POINT (-95.4117483 29.924368),,,,,,,,,,,,,,,,,,,,
node,10203222078,yes,bus_stop,North Fwy @ West Dyna Dr,,platform,,POINT (-95.41192 29.9215407),,,,,,,,,,,,,,,,,,,,
node,10203222080,yes,bus_stop,North Fwy @ Fallbrook Dr,,platform,,POINT (-95.4123142 29.9299749),,,,,,,,,,,,,,,,,,,,
node,10203249799,yes,bus_stop,Sam Houston Pkwy @ Greenpoint Dr,Metropolitan Transit Authority of Harris County,platform,,POINT (-95.4107847 29.9413312),,yes,,,,Metro,,Q5015387,,,,,,,,,,,,
node,10203249800,yes,bus_stop,Sam Houston Pkwy @ Spence Rd,,platform,,POINT (-95.391849 29.9382323),,,,,,,,,,,,,,,,,,,,
node,10203249801,yes,bus_stop,Sam Houston Pkwy @ Atrium Dr,,platform,,POINT (-95.3918986 29.9390551),,,,,,,,,,,,,,,,,,,,
node,10203249802,yes,bus_stop,,,platform,,POINT (-95.3318024 29.940531),,,,,,,,,,,,,,,,,,,,
node,10203249803,yes,bus_stop,,,platform,,POINT (-95.3332695 29.9618758),,,,,,,,,,,,,,,,,,,,
node,10203249804,yes,bus_stop,,,platform,,POINT (-95.3339025 29.9608278),,,,,,,,,,,,,,,,,,,,
node,10203249805,yes,bus_stop,,,platform,,POINT (-95.3351699 29.9629064),,,,,,,,,,,,,,,,,,,,
node,10203249806,yes,bus_stop,,,platform,,POINT (-95.3345168 29.9639626),,,,,,,,,,,,,,,,,,,,
node,10203249807,yes,bus_stop,,,platform,,POINT (-95.3376871 29.9670461),,,,,,,,,,,,,,,,,,,,
node,10203249808,yes,bus_stop,,,platform,,POINT (-95.3392831 29.9696415),,,,,,,,,,,,,,,,,,,,
node,10203249809,yes,bus_stop,,,platform,,POINT (-95.3416353 29.9734939),,,,,,,,,,,,,,,,,,,,
node,10203249810,yes,bus_stop,,,platform,,POINT (-95.321791 29.9868972),,,,,,,,,,,,,,,,,,,,
node,10203249811,yes,bus_stop,,,platform,,POINT (-95.3274921 29.9860283),,,,,,,,,,,,,,,,,,,,
node,10203287077,yes,bus_stop,North Fwy @ Plaza Verde Dr,,platform,,POINT (-95.4128775 29.9353211),,,,,,,,,,,,,,,,,,,,
node,10203287078,yes,bus_stop,Greenpoint Dr @ Sam Houston Pkwy,Metropolitan Transit Authority of Harris County,platform,,POINT (-95.407387 29.9401603),,yes,,,,Metro,,Q5015387,,,,,,,,,,,,
node,1595486099,yes,bus_stop,,,platform,,POINT (-95.4744573 29.7313653),,,,,,,,,,,,,,,,,,,,
node,2133919169,yes,bus_stop,,Metropolitan Transit Authority of Harris County,platform,,POINT (-95.4768677 29.6781161),,no,,,,Metro,"Local 68 bus, but don't know the staop name",Q5015387,,,,,,,,,,,,
node,2133925238,,bus_stop,,,,,POINT (-95.4621928 29.6807403),,no,,,,,,,,unknown bus stop id. Route68,,,,,,,,,,
node,2133925244,,bus_stop,,,,,POINT (-95.4621623 29.6805096),,no,,,,,,,,unknown bus stop id. Route68,,,,,,,,,,
node,2169742010,yes,bus_stop,,,platform,,POINT (-95.4674528 29.6892807),,,,,,,,,,,,,,,,,,,,
node,2352120825,,bus_stop,,METRO,,,POINT (-95.457301 29.765435),,,,,no,,,,,,,,,,,,,,,
node,2356094621,,bus_stop,,,,,POINT (-95.475771 29.689178),,,,,yes,METRO,,,,,,,,,,,,,,
node,2356163368,,bus_stop,,METRO,,,POINT (-95.477158 29.677804),,no,,,yes,,,,,,,,,,,,,,,
node,2356164510,,bus_stop,,METRO,,,POINT (-95.473676 29.678658),,no,,,no,,,,,,,,,,,,,,,
node,2356166379,,bus_stop,,METRO,,,POINT (-95.467478 29.679754),,no,,,no,,,,,,,,,,,,,,,
node,2356169478,,bus_stop,,METRO,,,POINT (-95.4696 29.679369),,no,,,no,,,,,,,,,,,,,,,
node,2356172403,,bus_stop,,METRO,,,POINT (-95.4681508 29.679402),,no,,,no,,,,,,,,,,,,,,,
node,2356286131,,bus_stop,,METRO,,,POINT (-95.4830519 29.6761078),,no,,,,,,,,,,,,,,,,,,
node,2356418466,,bus_stop,,,,,POINT (-95.4594632 29.6822258),,no,,,no,,,,,Route 33,,,,,,,,,,
node,2356441687,,bus_stop,,,,,POINT (-95.464155 29.658491),,,,,yes,,33,,,,,,,,,,,,,
node,2358351127,,bus_stop,,Metro,,,POINT (-95.458227 29.682836),,no,,,no,,,,,Route 33,,,,,,,,,,
node,2360679702,,bus_stop,,METRO,,,POINT (-95.4933736 29.6773667),,no,,,,,,,,,,,,,,,,,,
node,2405490161,yes,bus_stop,,,platform,25,POINT (-95.4685285 29.7314741),,,,,yes,,,,,,,,,,,,,,,
node,2405494005,,bus_stop,,,,,POINT (-95.466811 29.740156),,,,,yes,,73,,,,,,,,,,,,,
node,2408013387,yes,bus_stop,,,platform,,POINT (-95.492626 29.687804),,,,,no,,47,,,,,,,,,,,,,
node,2408013698,,bus_stop,,,,,POINT (-95.492333 29.687888),,,,,yes,,47,,,,,,,,,,,,,
node,2408014034,,bus_stop,,,,,POINT (-95.49306 29.679036),,,,,no,,47,,,,,,,,,,,,,
node,2408014055,,bus_stop,,,,,POINT (-95.492626 29.678661),,,,,no,,,,,,,,,,,,,,,
node,2408014306,,bus_stop,,,,,POINT (-95.493365 29.677414),,,,,no,,47,,,,,,,,,,,,,
node,2430315850,,bus_stop,,,,,POINT (-95.476419 29.679589),,,,,yes,,49,,,,,,,,,,,,,
node,2630226891,,bus_stop,,,,,POINT (-95.48448 29.69905),,,,,no,,,,,32,,,,,,,,,,
node,2630227358,,bus_stop,,,,,POINT (-95.484724 29.699306),,,,,no,,,,,32,,,,,,,,,,
node,2630227527,,bus_stop,,,,,POINT (-95.484319 29.699419),,,,,yes,,,,,65,,,,,,,,,,
node,2630227645,,bus_stop,,,,,POINT (-95.484781 29.703882),,,,,no,,,,,32,,,,,,,,,,
node,2673364105,,bus_stop,,,,,POINT (-95.562496 29.779024),,,,,yes,,,,,131,,,,,,,,,,
node,3004768643,yes,bus_stop,,,platform,,POINT (-95.4651304 29.6890384),,yes,,,,,,,,,,,,,,,,,,
node,3004768644,,bus_stop,,,,,POINT (-95.4619735 29.689071),,yes,,,,,,,,,,,,,,,,,,
node,3275493861,,bus_stop,,,,,POINT (-95.498267 29.678645),yes,yes,,,yes,,,,,,,,,,,,,,,
node,3275493961,,bus_stop,,,,,POINT (-95.4787072 29.6775912),,,,,yes,,,,,,,,,,,,,,,
node,3874874943,,bus_stop,,,,,POINT (-95.4925434 29.705612),yes,yes,,,yes,,,,,,,,,,,,,,,
node,4288413575,,bus_stop,,,,,POINT (-95.4866021 29.6756418),yes,yes,,,yes,,,,,,,,,,,,,,,
node,4555758111,,bus_stop,,,,,POINT (-95.6125456 29.7464427),,,,,,,,,,,,,,,,,,,,
node,5221950880,,bus_stop,,,,,POINT (-95.5105528 29.6561162),,,,,,,,,,,,,,,,,,,,
node,5221950881,,bus_stop,,,,,POINT (-95.5110945 29.6558623),,,,,,,,,,,,,,,,,,,,
node,5221950937,,bus_stop,,,,,POINT (-95.520658 29.6554784),,,,,,,,,,,,,,,,,,,,
node,5482966725,yes,bus_stop,,,platform,,POINT (-95.5730186 29.6800646),yes,yes,,,,,,,,,,,,,,,,,,
node,5774365983,yes,bus_stop,,,platform,,POINT (-95.6064471 29.7703405),,,,,,,,,,,,,,,,,,,,
node,5900429800,yes,bus_stop,,,platform,,POINT (-95.4636172 29.7500909),,,,,,,,,,,,,,,,,,,,
node,5904413754,yes,bus_stop,,,platform,,POINT (-95.4640972 29.7407772),,,,,,,,,,,,,,,,,,,,
node,5952313671,yes,bus_stop,,,platform,,POINT (-95.4848815 29.7313599),,,,,,,,,,,,,,,,,,,,
node,6138437027,yes,bus_stop,,,platform,,POINT (-95.6077569 29.7871961),,,,,,,,,,,,,,,,,,,,
node,6327652230,yes,bus_stop,,,platform,,POINT (-95.5829409 29.782929),,,,,,,,,,,,,,,,,,,,
node,6594507951,,bus_stop,Line 47,,,,POINT (-95.4828772 29.760417),,,,,,,,,,,,,,,,,,,,
node,6594516521,,bus_stop,Line 39,,,,POINT (-95.4831735 29.784457),,,,,,,,,,,,,,,,,,,,
node,6594517923,,bus_stop,Line 32,,,,POINT (-95.4771352 29.749913),,,,,,,,,,,,,,,,,,,,
node,6594517924,,bus_stop,Line 47,,,,POINT (-95.4713905 29.7634735),,,,,,,,,,,,,,,,,,,,
node,6594518566,,bus_stop,Line 49,,,,POINT (-95.4780526 29.763973),,,,,,,,,,,,,,,,,,,,
node,6594544790,,bus_stop,"Lines 20, 47",,,,POINT (-95.463039 29.7622499),,,,,,,,,,,,,,,,,,,,
node,6594548115,,bus_stop,Line 47,,,,POINT (-95.4776236 29.7636476),,,,,,,,,,,,,,,,,,,,
node,6594554614,,bus_stop,Line 32,,,,POINT (-95.4827673 29.7498362),,,,,,,,,,,,,,,,,,,,
node,6594560104,,bus_stop,Line 47,,,,POINT (-95.4673509 29.7625552),,,,,,,,,,,,,,,,,,,,
node,7556671376,yes,bus_stop,Four Oaks (Southbound),,stop_position,,POINT (-95.4603671 29.7522315),,,,,,,,,,,,,,,,,,,,
node,7556708038,yes,bus_stop,Westheimer/Galleria (Northbound),,stop_position,,POINT (-95.4609862 29.7412804),,,,,,,,,,,,,,,,,,,,
node,7556724501,yes,bus_stop,Guilford (Northbound),,stop_position,,POINT (-95.4610831 29.744604),,,,,,,,,,,,,,,,,,,,
node,7556724502,yes,bus_stop,Guilford (Southbound),,stop_position,,POINT (-95.4611167 29.7438837),,,,,,,,,,,,,,,,,,,,
node,7556724512,yes,bus_stop,Four Oaks (Northbound),,stop_position,,POINT (-95.4596712 29.7527775),,,,,,,,,,,,,,,,,,,,
node,7556727534,yes,bus_stop,Uptown Park (Northbound),,stop_position,,POINT (-95.4573541 29.7538317),,,,,,,,,,,,,,,,,,,,
node,7556727544,yes,bus_stop,Uptown Park (Southbound),,stop_position,,POINT (-95.4581111 29.7535734),,,,,,,,,,,,,,,,,,,,
node,7556727562,yes,bus_stop,San Felipe (Northbound),,stop_position,,POINT (-95.4611504 29.7506811),,,,,,,,,,,,,,,,,,,,
node,7556727563,yes,bus_stop,San Felipe (Southbound),,stop_position,,POINT (-95.4613096 29.7498994),,,,,,,,,,,,,,,,,,,,
node,7556727564,yes,bus_stop,Ambassador (Northbound),,stop_position,,POINT (-95.4611669 29.7471295),,,,,,,,,,,,,,,,,,,,
node,7556727565,yes,bus_stop,Ambassador (Southbound),,stop_position,,POINT (-95.4611865 29.7463982),,,,,,,,,,,,,,,,,,,,
node,7617275126,yes,bus_stop,Westheimer/Galleria (Southbound),,stop_position,,POINT (-95.4607963 29.7405367),,,,,,,,,,,,,,,,,,,,
node,7617275133,yes,bus_stop,West Alabama/Galleria,,platform,,POINT (-95.4606963 29.7376679),,,,,,,,,,,,,,,,,,,,
node,7617275134,yes,bus_stop,Richmond (Southbound),,stop_position,,POINT (-95.4608956 29.7323054),,,,,,,,,,,,,,,,,,,,
node,7617275135,yes,bus_stop,Richmond (Northbound),,stop_position,,POINT (-95.4604655 29.7328882),,,,,,,,,,,,,,,,,,,,
node,9610939407,yes,bus_stop,Gessner Rd @ Westheimer Rd,Metropolitan Transit Authority of Harris County,platform,8500,POINT (-95.5388082 29.736362),,yes,,,,Metro,,Q5015387,en:Houston Metro,,,,,,,,,,,
node,9996543307,yes,bus_stop,,,platform,,POINT (-95.4623551 29.6701035),,,,,,,,,,,,,,,,,,,,
