addr:state,amenity,ele,county_name,feature_id,import_uuid,gnis:reviewed,name,source,geometry,wheelchair,addr:city,addr:housenumber,addr:street,name:en,phone,nodes,building,addr:postcode
TX,police,9,Harris,2375880,57871b70-0100-4405-bb30-88b2e001a944,no,Houston Police Department - Eastside Patrol,USGS Geonames,POINT (-95.2906143 29.734426),,,,,,,,,
TX,police,12,Harris,2375876,57871b70-0100-4405-bb30-88b2e001a944,no,Houston Police Department - Palm Center,USGS Geonames,POINT (-95.3340619 29.6958228),,,,,,,,,
TX,police,14,Harris,2375897,57871b70-0100-4405-bb30-88b2e001a944,no,Harris County Sheriff's Office,USGS Geonames,POINT (-95.3569288 29.7643591),,,,,,,,,
TX,police,21,Harris,2375937,57871b70-0100-4405-bb30-88b2e001a944,no,Harris County Sheriff's Office - DARE Program,USGS Geonames,POINT (-95.3342513 29.8434157),,,,,,,,,
TX,police,15,Harris,2375925,57871b70-0100-4405-bb30-88b2e001a944,no,Southside Place Police Department,USGS Geonames,POINT (-95.4334494 29.7146616),,,,,,,,,
TX,police,16,Harris,2375950,57871b70-0100-4405-bb30-88b2e001a944,no,Houston Police Department - Near Town,USGS Geonames,POINT (-95.3898927 29.7450136),,,,,,,,,
TX,police,15,Harris,2375943,57871b70-0100-4405-bb30-88b2e001a944,no,Houston Police Department - Ana Maria Lopez,USGS Geonames,POINT (-95.3586726 29.7819689),yes,,,,,,,,
TX,police,11,Harris,2375974,57871b70-0100-4405-bb30-88b2e001a944,no,Harris County Sheriff's Office,USGS Geonames,POINT (-95.357298 29.7628066),,,,,,,,,
TX,police,15,Harris,2375988,57871b70-0100-4405-bb30-88b2e001a944,no,Houston Police Department - Headquarters,USGS Geonames,POINT (-95.367452 29.755888),,,,,,,,,
TX,police,12,Harris,2376002,57871b70-0100-4405-bb30-88b2e001a944,no,Harris County Sheriff's Office - Economic Crime,USGS Geonames,POINT (-95.3577236 29.7620822),,,,,,,,,
TX,police,11,Harris,2375845,57871b70-0100-4405-bb30-88b2e001a944,no,Harris County Sheriff's Office - Recruiting,USGS Geonames,POINT (-95.3227812 29.7535046),,,,,,,,,
TX,police,20,Harris,2375865,57871b70-0100-4405-bb30-88b2e001a944,no,Houston Police Department - Jensen Street,USGS Geonames,POINT (-95.3436164 29.8451211),,,,,,,,,
TX,police,18,Harris,2376014,57871b70-0100-4405-bb30-88b2e001a944,no,Houston Police Department - Heights,USGS Geonames,POINT (-95.4113904 29.7860468),,,,,,,,,
TX,police,12,Harris,2376010,57871b70-0100-4405-bb30-88b2e001a944,no,Harris County Sheriff's Office,USGS Geonames,POINT (-95.3568397 29.7616785),,,,,,,,,
TX,police,,,,,,Best Auto Storage,,POINT (-95.3116037 29.7518882),,Houston,6125,Industrial Way,Best Auto Storage,-2680,,,
,police,,,,,,Houston Police Station,,POINT (-95.3706247 29.7649432),,,,,,,,,
,police,,,,,,Houston Police Department - Southwest Patrol,,"POLYGON ((-95.45169 29.6886146, -95.4516919 29.6885165, -95.4514749 29.6885188, -95.4514719 29.6884279, -95.4513703 29.6884326, -95.4513673 29.6885258, -95.4512922 29.6885258, -95.4512895 29.6887005, -95.4511262 29.6886982, -95.4511259 29.6887425, -95.4514612 29.6887355, -95.4514619 29.6886192, -95.45169 29.6886146))",,,,,,,"[2268628940, 2268628975, 2268628954, 2268628961, 2268628959, 2268628956, 2268628946, 2268628970, 2268628936, 2268628968, 2268628969, 2268628972, 2268628940]",yes,
,police,,,,,,Department of Public Safety,,"POLYGON ((-95.3514124 29.7197837, -95.3512756 29.7201319, -95.3511612 29.720098, -95.3511351 29.7201645, -95.3509914 29.720122, -95.3510179 29.7200546, -95.3509536 29.7200355, -95.3510912 29.7196852, -95.351211 29.7197207, -95.3512295 29.7196734, -95.3513197 29.7197001, -95.3513 29.7197504, -95.3514124 29.7197837))",,,,,,,"[3683339687, 3683339775, 3683339767, 3683339781, 3683339770, 3683339752, 3683339745, 3683339657, 3683339667, 3683339652, 3683339664, 3683339678, 3683339687]",yes,
TX,police,,,,,,Houston Police Department - South Central Patrol,,"POLYGON ((-95.362756 29.7425621, -95.3630873 29.742769, -95.3630197 29.7428533, -95.3629922 29.7429163, -95.3629471 29.7429818, -95.3628932 29.7430363, -95.3628245 29.7430746, -95.3627372 29.7430951, -95.3626568 29.74309, -95.3625892 29.7430687, -95.3625421 29.7430414, -95.3624999 29.7430925, -95.3624734 29.7430772, -95.3624984 29.7430453, -95.362549 29.742981, -95.3624774 29.7429197, -95.362756 29.7425621))",,Houston,2202,Saint Emanuel Street,,,"[3710911847, 3710911863, 3710911873, 3710911878, 3710911887, 3710911894, 3710911902, 3710911908, 3710911906, 3710911901, 3710911896, 3710911907, 3710911904, 3710911897, 3710911886, 3710911879, 3710911847]",yes,77004
,police,,,,,,Houston Community College Police,,"POLYGON ((-95.3773323 29.7353517, -95.377833 29.7356487, -95.377728 29.7357822, -95.3773615 29.7355647, -95.3773781 29.7355437, -95.3772438 29.7354641, -95.3773323 29.7353517))",,,,,,,"[5468035180, 5468035181, 5468035182, 5468035183, 5468035184, 5468035185, 5468035180]",yes,
TX,police,9,Harris,2376021,57871b70-0100-4405-bb30-88b2e001a944,no,Houston Police Department - Broadway Square,microsoft/BuildingFootprints;USGS Geonames,"POLYGON ((-95.2769328 29.6761098, -95.2769212 29.6755858, -95.2766237 29.6755908, -95.2766352 29.6761148, -95.2769328 29.6761098))",,,,,,,"[368162703, 7918679035, 7918679036, 7918679037, 368162703]",yes,
TX,police,20,Harris,2470967,,no,Houston Heights Police Station,USGS Geonames;microsoft/BuildingFootprints,"POLYGON ((-95.402832 29.803748, -95.402901 29.803747, -95.402896 29.803475, -95.402827 29.803476, -95.402832 29.803748))",,,,,,,"[9941084144, 368162691, 9941083514, 9941083257, 9941084144]",yes,
TX,police,12,Harris,2375834,,no,Houston Police Department - Navigation,USGS Geonames;microsoft/BuildingFootprints,"POLYGON ((-95.327683 29.752562, -95.327536 29.752484, -95.327257 29.752886, -95.327404 29.752963, -95.327683 29.752562))",,,,,,,"[368162464, 9962716536, 9962716181, 9962714836, 368162464]",yes,
TX,police,13,Harris,2375890,,no,Houston Police Department - Northeast Patrol,USGS Geonames;microsoft/BuildingFootprints,"POLYGON ((-95.273061 29.832412, -95.273251 29.832411, -95.273251 29.832432, -95.273372 29.832431, -95.273372 29.832408, -95.273439 29.832407, -95.273435 29.832033, -95.273352 29.832033, -95.273352 29.832059, -95.273167 29.83206, -95.273168 29.832093, -95.273055 29.832094, -95.273055 29.832117, -95.272878 29.832118, -95.272879 29.832218, -95.273059 29.832217, -95.273061 29.832412))",,,,,,,"[9978474210, 9978475060, 9978470340, 9978474256, 9978475108, 9978470391, 9978471251, 9978472107, 368162261, 9978473823, 9978474678, 9978472467, 9978473314, 9978474162, 9978475012, 9978470293, 9978474210]",yes,
